ID, lat, lng
0, 4.532661436946532, 52.170064588199025
1, 4.511269254306998, 52.177480992445865
2, 4.51454075736307, 52.173415951354066
3, 4.404721702631403, 52.48495981818006
4, 4.463026203884465, 52.27004105563122
5, 4.506464300271453, 52.179311264496924
6, 4.47747187416592, 52.2096623034189
7, 4.4933942263567355, 52.1092288836573
8, 4.493474296483883, 52.08461389232891
9, 4.493508305096363, 52.10759366636502
10, 4.273859266698445, 52.316478778434224
11, 4.499354829812871, 52.16824908617538
12, 4.4769443246626315, 52.13972492969381
13, 4.478079711451013, 52.14530222230093
14, 4.479720751438502, 52.14566020003676
15, 4.479270071373344, 52.15183660192615
16, 4.483669966465865, 52.15082481616075
17, 4.483893749935004, 52.14636643477131
18, 4.482680206736837, 52.1440593150209
19, 4.509845941830472, 52.151506303410976
20, 4.487662298979394, 52.16636132053052
21, 4.4904258341617265, 52.16721056924808
22, 4.448005317957947, 52.15348214234537
23, 4.443963572097853, 52.146650539460964
24, 4.446164502706281, 52.152414778880114
25, 4.488296692641556, 52.16156579717752
26, 4.488935805819126, 52.16027914614868
27, 4.483696755595541, 52.159803834573005
28, 4.486650551705686, 52.1570148259333
29, 4.485893584138124, 52.157292136074055
30, 4.485557823681562, 52.16243703383186
31, 4.483609572155827, 52.16006670403635
32, 4.477828942534336, 52.17392382760768
33, 4.5007022915836155, 52.17788164038884
34, 4.500337751311878, 52.17707596956605
35, 4.506229806463019, 52.179097544471624
36, 4.478374306337997, 52.17303656593274
37, 4.478240773463637, 52.16803568641851
38, 4.486154695819395, 52.185351667815084
39, 4.4919460572003, 52.17312989180407
40, 4.483938928915105, 52.17000531991539
41, 4.484045633640773, 52.169714284139836
42, 4.492689978276876, 52.17462935967021
43, 4.492715313850958, 52.17439306094967
44, 4.509262494544827, 52.16504241419566
45, 4.509489183874709, 52.16468655676948
46, 4.515134069907467, 52.15906405984595
47, 4.529262841819636, 52.167908250974484
48, 4.525962151481786, 52.16525423274455
49, 4.5099940292464025, 52.14641254489021
50, 4.493324090272846, 52.16116675218637
51, 4.4963467900603025, 52.16524572941153
52, 4.49427474634711, 52.164147616205625
53, 4.491240305771621, 52.15524904579159
54, 4.486906092524211, 52.15635939720215
55, 4.495523785426866, 52.14807050402388
56, 4.494377169037023, 52.131697495116924
57, 4.49619823741603, 52.138628176175445
58, 4.495770376465082, 52.14875192141784
59, 4.49290118875162, 52.1532993397048
60, 4.491935941067326, 52.15154883414725
61, 4.504252677755506, 52.15363901047051
62, 4.5086793424964515, 52.15036477150066
63, 4.501704759538838, 52.14777472396126
64, 4.500077835459225, 52.151139617063
65, 4.507021217081398, 52.14714140422686
66, 4.508200475647474, 52.14782658242664
67, 4.504274796338311, 52.155654566328565
68, 4.509084109449365, 52.16028988943931
69, 4.503187674699523, 52.16178291900841
70, 4.509605920925148, 52.158577901991364
71, 4.509857848406814, 52.15908345534221
72, 4.449950496446995, 52.15300610233982
73, 4.451906304419967, 52.15475916671783
74, 4.455179181393378, 52.1531694518317
75, 4.451336502602913, 52.15004971632773
76, 4.452894094638576, 52.14919476928956
77, 4.453100360267764, 52.149291606417165
78, 4.478160982981941, 52.152734742724576
79, 4.462961010484595, 52.188375416157804
80, 4.4824319301387225, 52.16842683009049
81, 4.484038143050899, 52.169320201288194
82, 4.4859341461198134, 52.166879119140134
83, 4.484319081849776, 52.164381911901806
84, 4.48026902747398, 52.163166437189794
85, 4.4818791344624955, 52.16277701870483
86, 4.502671859518171, 52.17126115317832
87, 4.500003781076376, 52.16829331967673
88, 4.505279270984175, 52.17187099209054
89, 4.502696678522287, 52.16499224435196
90, 4.50329942608099, 52.16511371175338
91, 4.5090076500415766, 52.17081958530045
92, 4.508824727428496, 52.16898610515538
93, 4.510936927310772, 52.151650587687094
94, 4.514719575838178, 52.154403827662435
95, 4.517820094047938, 52.15125541146978
96, 4.517998064668558, 52.14881304869745
97, 4.516838988667839, 52.148955143238624
98, 4.494130291048576, 52.15933495260748
99, 4.493847594940403, 52.160298355216646
100, 4.491240309897397, 52.15097936417419
101, 4.4909364271464565, 52.14866366011781
102, 4.485759105975909, 52.1519377969004
103, 4.486398566882657, 52.15283694498289
104, 4.488740491657171, 52.14720934637516
105, 4.489663043110458, 52.14676318478935
106, 4.478415601666504, 52.15506334376494
107, 4.478010104119047, 52.15446326648993
108, 4.478852628912974, 52.158307170032344
109, 4.4778854069648455, 52.16284959601782
110, 4.468390711195625, 52.152618228222885
111, 4.456994020444842, 52.15390649089796
112, 4.458884135462278, 52.15351932693261
113, 4.400892697364466, 52.206997876199054
114, 4.446729807209333, 52.16603454029941
115, 4.452416917667798, 52.16263172882825
116, 4.452505089720959, 52.16261017813386
117, 4.473775014710853, 52.170399408328535
118, 4.467769873914872, 52.17466679205997
119, 4.499410714492222, 52.15143475745195
120, 4.497946550475616, 52.15131114476356
121, 4.502711958327275, 52.157266815407816
122, 4.499469532780201, 52.15663265266891
123, 4.498764980637203, 52.157157397233746
124, 4.503101624466397, 52.161664476120784
125, 4.499407264925092, 52.160621575603
126, 4.49920908803684, 52.160364957615364
127, 4.474238968701677, 52.1669995734388
128, 4.470369362015944, 52.16636672935308
129, 4.469850234683941, 52.155190477092326
130, 4.476648469642623, 52.15515717161846
131, 4.47592750377373, 52.15099457861779
132, 4.469347221513941, 52.152104074538826
133, 4.458476768122351, 52.14832885431297
134, 4.4595069558922535, 52.161370357552066
135, 4.457573505442731, 52.16173201196979
136, 4.455348124216578, 52.16264661735429
137, 4.494489270118579, 52.158893214250995
138, 4.496867980663601, 52.15715057655969
139, 4.493904138411477, 52.153484228886974
140, 4.495507718835936, 52.15328214636203
141, 4.4698945188255355, 52.15630111662828
142, 4.466943237275982, 52.16033265195075
143, 4.467544044461553, 52.16114557049925
144, 4.470881036689295, 52.16180802263551
145, 4.472426404176275, 52.14737748602633
146, 4.4738691115072875, 52.14425277221242
147, 4.474639927838761, 52.14612653080621
148, 4.474411022273735, 52.14676575211753
149, 4.459106115416285, 52.153415043048504
150, 4.460840463998975, 52.15058837442044
151, 4.467095977752732, 52.15208208056797
152, 4.466785764908827, 52.16030034109138
153, 4.465702895571478, 52.160715010754814
154, 4.464296858974496, 52.156807474634455
155, 4.460999832275613, 52.15981262156776
156, 4.46185536823211, 52.15740385596909
157, 4.461183632980032, 52.16939887762014
158, 4.45947464730093, 52.16815270217978
159, 4.45888560120443, 52.166605526618675
160, 4.463969737156191, 52.162866816947506
161, 4.462554955019694, 52.163729390671755
162, 4.4629437068378035, 52.165176504985126
163, 4.464107021872927, 52.16679478627147
164, 4.467228287526595, 52.1647104205331
165, 4.467410884439974, 52.167383428567874
166, 4.467526294535223, 52.16725043746849
167, 4.471356746397883, 52.16157488181185
168, 4.477816410153364, 52.16288957660283
169, 4.473372625195545, 52.159633411119785
170, 4.472833174362652, 52.15966291311065
171, 4.476065385915242, 52.16583503099746
172, 4.475622682424053, 52.16601036533089
173, 4.446420634336681, 52.09672771322953
174, 4.450274048164731, 52.10770337230254
175, 4.466636570958147, 52.151574365017666
176, 4.46378074734264, 52.14992594285383
177, 4.464814549709429, 52.14134550821583
178, 4.469685679415654, 52.146419313006376
179, 4.469568789074439, 52.14640132704764
180, 4.467944859917857, 52.14325601192348
181, 4.472892373874978, 52.14366715970342
182, 4.47231530528091, 52.143199916646424
